word_len,word,num_samples,response_text
3,man,2,man
3,man,3,man
3,man,4,man
3,man,5,man
3,fun,2,fun
3,fun,3,fun
3,fun,4,fun
3,fun,5,fun
3,bed,2,bed
3,bed,3,bed
3,bed,4,bed
3,bed,5,bed
3,fee,2,fee
3,fee,3,fee
3,fee,4,fee
3,fee,5,fe
3,mix,2,mie
3,mix,3,mix
3,mix,4,mie
3,mix,5,mie
3,tea,2,tea
3,tea,3,tea
3,tea,4,tea
3,tea,5,tea
3,gas,2,gas
3,gas,3,gas
3,gas,4,gas
3,gas,5,gas
3,war,2,war
3,war,3,war
3,war,4,war
3,war,5,war
3,son,2,son
3,son,3,son
3,son,4,sin
3,son,5,sin
3,ask,2,ask
3,ask,3,ask
3,ask,4,ask
3,ask,5,ask
3,lip,2,lip
3,lip,3,lip
3,lip,4,lip
3,lip,5,lip
3,fly,2,fly
3,fly,3,fly
3,fly,4,fly
3,fly,5,fly
3,mud,2,mud
3,mud,3,mud
3,mud,4,mud
3,mud,5,mud
3,art,2,art
3,art,3,art
3,art,4,art
3,art,5,art
3,cap,2,cap
3,cap,3,cap
3,cap,4,cap
3,cap,5,cap
3,god,2,god
3,god,3,god
3,god,4,god
3,god,5,god
3,let,2,let
3,let,3,let
3,let,4,let
3,let,5,let
3,bid,2,bid
3,bid,3,aid
3,bid,4,bid
3,bid,5,bid
3,sea,2,sea
3,sea,3,sea
3,sea,4,sea
3,sea,5,sea
3,buy,2,buy
3,buy,3,bue
3,buy,4,buy
3,buy,5,buy
3,ear,2,ear
3,ear,3,ear
3,ear,4,far
3,ear,5,ear
3,dot,2,dot
3,dot,3,dot
3,dot,4,dot
3,dot,5,dot
3,try,2,try
3,try,3,try.
3,try,4,try
3,try,5,try
3,map,2,map
3,map,3,map
3,map,4,map
3,map,5,map
3,top,2,tip
3,top,3,top
3,top,4,top
3,top,5,top
3,run,2,run
3,run,3,run
3,run,4,run
3,run,5,run
3,bag,2,bag
3,bag,3,bag
3,bag,4,bag
3,bag,5,bag
3,net,2,net
3,net,3,net
3,net,4,net
3,net,5,net
3,tap,2,tap
3,tap,3,tap
3,tap,4,tap
3,tap,5,tap
3,set,2,set
3,set,3,set
3,set,4,set
3,set,5,set
3,kid,2,kid
3,kid,3,kid
3,kid,4,kid
3,kid,5,kid
3,bet,2,bet
3,bet,3,bet
3,bet,4,bet
3,bet,5,bet
3,pin,2,pin
3,pin,3,pin
3,pin,4,pin
3,pin,5,pin
3,bar,2,bar
3,bar,3,bar
3,bar,4,bar
3,bar,5,bar
3,cup,2,cup
3,cup,3,cup
3,cup,4,cup
3,cup,5,cup
3,web,2,web
3,web,3,web
3,web,4,web
3,web,5,web
3,pop,2,po
3,pop,3,po
3,pop,4,po
3,pop,5,po
3,age,2,cog
3,age,3,age
3,age,4,age
3,age,5,age
3,cat,2,cat
3,cat,3,cat
3,cat,4,cat
3,cat,5,cat
3,bug,2,bug
3,bug,3,bug
3,bug,4,bug
3,bug,5,bug
3,leg,2,leg
3,leg,3,leg
3,leg,4,leg
3,leg,5,leg
3,log,2,log
3,log,3,log
3,log,4,log
3,log,5,log
3,mom,2,mo
3,mom,3,mo
3,mom,4,mo
3,mom,5,mo
3,car,2,car
3,car,3,car
3,car,4,car
3,car,5,car
3,fix,2,fio
3,fix,3,fie
3,fix,4,fig
3,fix,5,fish
3,boy,2,boe
3,boy,3,boy
3,boy,4,boy
3,boy,5,boy
3,tie,2,tie
3,tie,3,tie
3,tie,4,tie
3,tie,5,tie
3,bad,2,bad
3,bad,3,bad
3,bad,4,bad
3,bad,5,bad
3,end,2,end
3,end,3,end
3,end,4,end
3,end,5,end
3,due,2,due
3,due,3,due
3,due,4,due
3,due,5,due
3,egg,2,there is no common english noun that is two letters long with the letters 'e' and 'g' in that specific order.
3,egg,3,eg
3,egg,4,no valid english noun fits the given constraints.
3,egg,5,egg
3,put,2,put
3,put,3,put
3,put,4,put
3,put,5,put
3,raw,2,raw
3,raw,3,raw
3,raw,4,raw
3,raw,5,raw
3,cut,2,cut
3,cut,3,cut
3,cut,4,cut
3,cut,5,cut
3,cow,2,cow
3,cow,3,cow
3,cow,4,cow
3,cow,5,cow
3,tip,2,tip
3,tip,3,tip
3,tip,4,tip
3,tip,5,tip
3,big,2,big
3,big,3,big
3,big,4,big
3,big,5,bag
3,job,2,job
3,job,3,job
3,job,4,job
3,job,5,job
3,lie,2,lie
3,lie,3,lie
3,lie,4,lie
3,lie,5,lie
3,can,2,czn
3,can,3,can
3,can,4,can
3,can,5,can
3,she,2,she
3,she,3,she
3,she,4,she
3,she,5,she
3,use,2,use
3,use,3,use
3,use,4,use
3,use,5,use
3,sex,2,see
3,sex,3,she
3,sex,4,see
3,sex,5,see
3,dig,2,dig
3,dig,3,dig
3,dig,4,dig
3,dig,5,dig
3,oil,2,oil
3,oil,3,oil
3,oil,4,oil
3,oil,5,oil
3,pot,2,pot
3,pot,3,pot
3,pot,4,pot
3,pot,5,pit
3,sun,2,sun
3,sun,3,sun
3,sun,4,sun
3,sun,5,sun
3,hit,2,hit
3,hit,3,hit
3,hit,4,hit
3,hit,5,hit
3,cry,2,crow
3,cry,3,cro
3,cry,4,cry
3,cry,5,cry
3,lay,2,lay
3,lay,3,lay
3,lay,4,lay
3,lay,5,lay
3,pie,2,pie
3,pie,3,pie
3,pie,4,pie
3,pie,5,pie
3,day,2,doe
3,day,3,day
3,day,4,day
3,day,5,day
3,fan,2,fan
3,fan,3,fan
3,fan,4,fan
3,fan,5,fan
3,rip,2,rip
3,rip,3,rip
3,rip,4,lip
3,rip,5,rip
3,key,2,key
3,key,3,key
3,key,4,key
3,key,5,key
3,eat,2,fat
3,eat,3,fat
3,eat,4,eat
3,eat,5,eat
3,you,2,you.
3,you,3,you.
3,you,4,you
3,you,5,you
3,sky,2,sky
3,sky,3,sky
3,sky,4,sky
3,sky,5,sky
3,way,2,wax
3,way,3,wax
3,way,4,wax
3,way,5,wax
3,guy,2,gue
3,guy,3,guy
3,guy,4,guy
3,guy,5,guy
3,row,2,row
3,row,3,row
3,row,4,row
3,row,5,row
3,rub,2,rub
3,rub,3,rub
3,rub,4,rub
3,rub,5,rub
3,gap,2,gap
3,gap,3,gap
3,gap,4,gap
3,gap,5,gap
3,fat,2,fat
3,fat,3,fat
3,fat,4,fat
3,fat,5,fat
3,pen,2,pen
3,pen,3,pen
3,pen,4,pen
3,pen,5,pen
3,toe,2,toe
3,toe,3,tie
3,toe,4,toe
3,toe,5,tie
3,bit,2,bit
3,bit,3,bit
3,bit,4,bit
3,bit,5,bit
3,low,2,low
3,low,3,low
3,low,4,low
3,low,5,low
3,red,2,red
3,red,3,red
3,red,4,red
3,red,5,red
3,box,2,bee
3,box,3,boo
3,box,4,boy
3,box,5,boa
3,sad,2,sad
3,sad,3,sad
3,sad,4,sad
3,sad,5,sad
3,bat,2,bat
3,bat,3,bat
3,bat,4,bat
3,bat,5,bat
3,tax,2,tea
3,tax,3,tax
3,tax,4,tax
3,tax,5,tas
3,pay,2,pay
3,pay,3,pay
3,pay,4,pay
3,pay,5,pay
3,few,2,few
3,few,3,few
3,few,4,few
3,few,5,few
3,bus,2,bus
3,bus,3,bus
3,bus,4,bus
3,bus,5,bus
3,win,2,win
3,win,3,win
3,win,4,win
3,win,5,win
3,act,2,act
3,act,3,act
3,act,4,act
3,act,5,act
3,hat,2,hat
3,hat,3,hat
3,hat,4,hat
3,hat,5,cat
3,sir,2,sir
3,sir,3,sir
3,sir,4,sir
3,sir,5,sir
3,ice,2,ice
3,ice,3,ice
3,ice,4,ice
3,ice,5,ice
3,dog,2,dog
3,dog,3,dog
3,dog,4,dog
3,dog,5,dog
3,eye,2,ey
3,eye,3,ee
3,eye,4,key
3,eye,5,ey
3,air,2,air
3,air,3,air
3,air,4,air
3,air,5,air
3,arm,2,arm
3,arm,3,arm
3,arm,4,arm
3,arm,5,arm
3,lab,2,lab
3,lab,3,lab
3,lab,4,lab
3,lab,5,lab
3,law,2,law
3,law,3,law
3,law,4,law
3,law,5,law
4,kiss,2,kis
4,kiss,3,kis
4,kiss,4,kis
4,kiss,5,kis
4,math,2,math
4,math,3,math
4,math,4,math
4,math,5,math
4,hook,2,hok
4,hook,3,hok
4,hook,4,hok
4,hook,5,hok
4,ride,2,ride
4,ride,3,ride
4,ride,4,ride
4,ride,5,ride
4,wing,2,wing
4,wing,3,wing
4,wing,4,wing
4,wing,5,wing
4,pack,2,pack
4,pack,3,pack
4,pack,4,pack
4,pack,5,pack
4,team,2,team
4,team,3,team
4,team,4,team
4,team,5,team
4,half,2,half
4,half,3,half
4,half,4,half
4,half,5,half
4,book,2,bok
4,book,3,bok
4,book,4,bok
4,book,5,bok
4,male,2,male
4,male,3,male
4,male,4,male
4,male,5,male
4,suck,2,suck
4,suck,3,suck
4,suck,4,suck
4,suck,5,suck
4,hand,2,hand
4,hand,3,hand
4,hand,4,hand
4,hand,5,hand
4,help,2,help
4,help,3,there is no common english word that fits all those constraints.
4,help,4,help
4,help,5,help
4,bake,2,bake
4,bake,3,bake
4,bake,4,bake
4,bake,5,bake
4,sale,2,sale
4,sale,3,sale
4,sale,4,sale
4,sale,5,sale
4,land,2,land
4,land,3,land
4,land,4,land
4,land,5,land
4,iron,2,iron
4,iron,3,iron
4,iron,4,iron
4,iron,5,iron
4,wash,2,wash
4,wash,3,wash
4,wash,4,wash
4,wash,5,wash
4,neat,2,neat
4,neat,3,neat
4,neat,4,neat
4,neat,5,neat
4,shop,2,ship
4,shop,3,shop
4,shop,4,shop
4,shop,5,ship
4,note,2,note
4,note,3,note
4,note,4,note
4,note,5,note
4,role,2,role
4,role,3,role
4,role,4,role
4,role,5,role
4,king,2,king
4,king,3,king
4,king,4,king
4,king,5,king
4,jump,2,jump
4,jump,3,jump
4,jump,4,jump
4,jump,5,jump
4,bend,2,bend
4,bend,3,bend
4,bend,4,bend
4,bend,5,bend
4,ship,2,ship
4,ship,3,ship
4,ship,4,ship
4,ship,5,ship
4,cell,2,cel
4,cell,3,cel
4,cell,4,cel
4,cell,5,cel
4,lead,2,lead
4,lead,3,lead
4,lead,4,lead
4,lead,5,lead
4,wine,2,wine
4,wine,3,wine
4,wine,4,wine
4,wine,5,wine
4,load,2,load
4,load,3,load
4,load,4,load
4,load,5,load
4,love,2,love
4,love,3,love
4,love,4,love
4,love,5,love
4,belt,2,belt
4,belt,3,belt
4,belt,4,belt
4,belt,5,belt
4,fuel,2,fuel
4,fuel,3,fuel
4,fuel,4,fuel
4,fuel,5,fuel
4,wear,2,wear
4,wear,3,wear
4,wear,4,wear
4,wear,5,wear
4,view,2,view
4,view,3,view
4,view,4,view
4,view,5,view
4,seat,2,seat
4,seat,3,sect
4,seat,4,seat
4,seat,5,seat
4,form,2,form
4,form,3,form
4,form,4,form
4,form,5,form
4,mess,2,mes
4,mess,3,mes
4,mess,4,mes
4,mess,5,mes
4,roll,2,ril
4,roll,3,rol
4,roll,4,rol
4,roll,5,rol
4,loan,2,loan
4,loan,3,loan
4,loan,4,loan
4,loan,5,loan
4,deal,2,deal
4,deal,3,deal
4,deal,4,deal
4,deal,5,deal
4,push,2,push
4,push,3,push
4,push,4,push
4,push,5,push
4,ball,2,bal
4,ball,3,bal
4,ball,4,bal
4,ball,5,bal
4,milk,2,milk
4,milk,3,milk
4,milk,4,milk
4,milk,5,milk
4,golf,2,golf
4,golf,3,golf
4,golf,4,golf
4,golf,5,golf
4,step,2,step
4,step,3,step
4,step,4,step
4,step,5,step
4,room,2,rom
4,room,3,rom
4,room,4,rom
4,room,5,rom
4,tale,2,tale
4,tale,3,talc
4,tale,4,tale
4,tale,5,tale
4,hurt,2,hurt
4,hurt,3,hurt
4,hurt,4,hurt
4,hurt,5,hurt
4,quit,2,quit
4,quit,3,quit
4,quit,4,quit
4,quit,5,quit
4,luck,2,luck
4,luck,3,luck
4,luck,4,luck
4,luck,5,luck
4,rush,2,rush
4,rush,3,rush
4,rush,4,rush
4,rush,5,rush
4,self,2,self
4,self,3,self
4,self,4,self
4,self,5,self
4,work,2,work
4,work,3,work
4,work,4,work
4,work,5,work
4,wake,2,wake
4,wake,3,wake
4,wake,4,wake
4,wake,5,wake
4,skin,2,skin
4,skin,3,skin
4,skin,4,skin
4,skin,5,skin
4,dead,2,dez
4,dead,3,dea
4,dead,4,dez
4,dead,5,dec
4,fish,2,fish
4,fish,3,fish
4,fish,4,fish
4,fish,5,fish
4,user,2,user
4,user,3,user
4,user,4,user
4,user,5,user
4,peak,2,peak
4,peak,3,peak
4,peak,4,peak
4,peak,5,peak
4,hold,2,hold
4,hold,3,hold
4,hold,4,hold
4,hold,5,hold
4,dust,2,dust
4,dust,3,dust
4,dust,4,dust
4,dust,5,dust
4,plan,2,plan
4,plan,3,plan
4,plan,4,plan
4,plan,5,plan
4,tear,2,tear
4,tear,3,tear
4,tear,4,tear
4,tear,5,tear
4,camp,2,camp
4,camp,3,camp
4,camp,4,camp
4,camp,5,camp
4,debt,2,debt
4,debt,3,debt
4,debt,4,debt
4,debt,5,debt
4,baby,2,bak
4,baby,3,bay
4,baby,4,boy
4,baby,5,bay
4,hang,2,hang
4,hang,3,hang
4,hang,4,zang
4,hang,5,hang
4,walk,2,walk
4,walk,3,walk
4,walk,4,walk
4,walk,5,walk
4,bike,2,bike
4,bike,3,bike
4,bike,4,bike
4,bike,5,bike
4,fill,2,fil
4,fill,3,fil
4,fill,4,fil
4,fill,5,fil
4,most,2,most
4,most,3,mist
4,most,4,mist
4,most,5,most
4,chip,2,chip
4,chip,3,chip
4,chip,4,chip
4,chip,5,chip
4,pull,2,pul
4,pull,3,pul
4,pull,4,pul
4,pull,5,pul
4,rule,2,rule
4,rule,3,rule
4,rule,4,rule
4,rule,5,rule
4,site,2,site
4,site,3,site
4,site,4,site
4,site,5,site
4,deep,2,dep
4,deep,3,dep
4,deep,4,dep
4,deep,5,dep
4,news,2,news
4,news,3,news
4,news,4,news
4,news,5,news
4,high,2,hig
4,high,3,hig
4,high,4,hig
4,high,5,hig
4,talk,2,talk
4,talk,3,talk
4,talk,4,talk
4,talk,5,talk
4,part,2,part
4,part,3,part
4,part,4,part
4,part,5,part
4,item,2,item
4,item,3,item
4,item,4,item
4,item,5,item
4,star,2,star
4,star,3,star
4,star,4,star
4,star,5,star
4,exam,2,exam
4,exam,3,exam
4,exam,4,each
4,exam,5,exam
4,cook,2,cok
4,cook,3,cok
4,cook,4,cok
4,cook,5,cok
4,mate,2,mate
4,mate,3,mate
4,mate,4,mate
4,mate,5,mate
4,face,2,face
4,face,3,face
4,face,4,face
4,face,5,face
4,spot,2,spot
4,spot,3,spot
4,spot,4,spot
4,spot,5,spot
4,rich,2,rich
4,rich,3,rich
4,rich,4,rich
4,rich,5,rich
4,hair,2,hair
4,hair,3,hair
4,hair,4,hair
4,hair,5,hair
4,harm,2,harm
4,harm,3,harm
4,harm,4,harm
4,harm,5,harm
4,gold,2,gold
4,gold,3,gold
4,gold,4,gold
4,gold,5,gold
4,grab,2,grab
4,grab,3,grab
4,grab,4,grab
4,grab,5,grab
4,ruin,2,ruin
4,ruin,3,ruin
4,ruin,4,ruin
4,ruin,5,ruin
4,song,2,song
4,song,3,song
4,song,4,song
4,song,5,song
4,mall,2,mal
4,mall,3,mac
4,mall,4,mal
4,mall,5,mac
4,coat,2,coat
4,coat,3,coat
4,coat,4,coat
4,coat,5,coat
4,rate,2,rate
4,rate,3,rate
4,rate,4,rate
4,rate,5,late
4,long,2,long
4,long,3,ling
4,long,4,long
4,long,5,lion
4,trip,2,trip
4,trip,3,trip
4,trip,4,trip
4,trip,5,trip
4,hire,2,hire
4,hire,3,hire
4,hire,4,hire
4,hire,5,hire
4,boat,2,boat
4,boat,3,boat
4,boat,4,boat
4,boat,5,boat
4,wave,2,wave
4,wave,3,wave
4,wave,4,wave
4,wave,5,wave
4,menu,2,menu
4,menu,3,menu
4,menu,4,menu
4,menu,5,menu
4,year,2,year
4,year,3,year
4,year,4,year
4,year,5,year
4,clue,2,clue
4,clue,3,clue
4,clue,4,clue
4,clue,5,clue
4,bowl,2,bowl
4,bowl,3,bowl
4,bowl,4,bowl
4,bowl,5,bowl
4,flow,2,flow
4,flow,3,flow
4,flow,4,flow
4,flow,5,flow
4,tool,2,tol
4,tool,3,til
4,tool,4,tol
4,tool,5,til
4,fact,2,fact
4,fact,3,fact
4,fact,4,fact
4,fact,5,fact
4,cold,2,cold
4,cold,3,cold
4,cold,4,cold
4,cold,5,cold
4,fear,2,fear
4,fear,3,fear
4,fear,4,fear
4,fear,5,fear
4,kind,2,kind
4,kind,3,kind
4,kind,4,kind
4,kind,5,kind
4,file,2,file
4,file,3,file
4,file,4,file
4,file,5,file
4,sort,2,sort
4,sort,3,sort
4,sort,4,silt
4,sort,5,sort
4,size,2,side
4,size,3,side
4,size,4,size
4,size,5,sick
4,meat,2,meat
4,meat,3,meat
4,meat,4,meat
4,meat,5,meat
4,kill,2,kil
4,kill,3,kil
4,kill,4,kil
4,kill,5,kil
4,hunt,2,hunt
4,hunt,3,hunt
4,hunt,4,hunt
4,hunt,5,hunt
4,word,2,word
4,word,3,word
4,word,4,word
4,word,5,word
4,lift,2,lift
4,lift,3,lift
4,lift,4,lift
4,lift,5,lift
4,army,2,arme
4,army,3,army
4,army,4,army
4,army,5,army
4,loss,2,los
4,loss,3,los
4,loss,4,los
4,loss,5,lis
4,poem,2,poem
4,poem,3,poem
4,poem,4,poem
4,poem,5,poem
4,good,2,god
4,good,3,god
4,good,4,god
4,good,5,god
4,tell,2,tel
4,tell,3,tel
4,tell,4,tel
4,tell,5,tel
4,call,2,cal
4,call,3,cal
4,call,4,cal
4,call,5,cal
4,meal,2,meal
4,meal,3,meal
4,meal,4,meal
4,meal,5,meal
4,pace,2,pace
4,pace,3,pace
4,pace,4,pace
4,pace,5,pace
4,diet,2,diet
4,diet,3,diet
4,diet,4,diet
4,diet,5,diet
4,mail,2,mail
4,mail,3,mail
4,mail,4,mail
4,mail,5,mail
4,cost,2,cost
4,cost,3,cost
4,cost,4,cost
4,cost,5,cost
4,list,2,list
4,list,3,list
4,list,4,list
4,list,5,list
4,term,2,term
4,term,3,term
4,term,4,term
4,term,5,term
4,bear,2,bear
4,bear,3,bear
4,bear,4,bear
4,bear,5,bear
4,pick,2,pick
4,pick,3,pick
4,pick,4,pick
4,pick,5,pick
4,exit,2,exit
4,exit,3,foit
4,exit,4,emit
4,exit,5,exit
4,turn,2,turn
4,turn,3,turn
4,turn,4,turn
4,turn,5,turn
4,stop,2,stop
4,stop,3,stop
4,stop,4,stop
4,stop,5,stop
4,desk,2,desk
4,desk,3,desk
4,desk,4,desk
4,desk,5,desk
4,post,2,post
4,post,3,post
4,post,4,post
4,post,5,post
4,type,2,type
4,type,3,type
4,type,4,type
4,type,5,type
4,code,2,code
4,code,3,code
4,code,4,code
4,code,5,code
4,yard,2,oard
4,yard,3,yard
4,yard,4,yard
4,yard,5,yard
4,gene,2,gen
4,gene,3,gen
4,gene,4,oen
4,gene,5,gen
4,drag,2,drag
4,drag,3,drag
4,drag,4,drag
4,drag,5,drag
4,fail,2,fail
4,fail,3,fail
4,fail,4,fail
4,fail,5,fail
4,calm,2,calm
4,calm,3,calm
4,calm,4,calm
4,calm,5,calm
4,poet,2,poet
4,poet,3,plot
4,poet,4,poet
4,poet,5,poet
4,sell,2,sel
4,sell,3,sel
4,sell,4,sel
4,sell,5,sel
4,girl,2,girl
4,girl,3,girl
4,girl,4,girl
4,girl,5,girl
4,farm,2,farm
4,farm,3,farm
4,farm,4,farm
4,farm,5,farm
4,dump,2,dump
4,dump,3,dump
4,dump,4,dump
4,dump,5,dump
4,hole,2,hole
4,hole,3,hole
4,hole,4,hole
4,hole,5,hole
4,bird,2,bird
4,bird,3,bird
4,bird,4,bird
4,bird,5,bird
4,slip,2,slip
4,slip,3,slip
4,slip,4,slip
4,slip,5,slip
4,roof,2,lof
4,roof,3,rof
4,roof,4,rof
4,roof,5,rof
4,mark,2,mark
4,mark,3,mark
4,mark,4,mark
4,mark,5,mark
4,crew,2,crew
4,crew,3,crew
4,crew,4,crew
4,crew,5,crew
4,page,2,page
4,page,3,page
4,page,4,page
4,page,5,page
4,path,2,path
4,path,3,path
4,path,4,path
4,path,5,path
4,oven,2,oven
4,oven,3,oven
4,oven,4,oven
4,oven,5,oven
4,snow,2,snow
4,snow,3,snow
4,snow,4,snow
4,snow,5,snow
4,hate,2,hate
4,hate,3,hate
4,hate,4,hatе
4,hate,5,hate
4,till,2,til
4,till,3,til
4,till,4,til
4,till,5,til
4,case,2,case
4,case,3,case
4,case,4,case
4,case,5,case
4,tune,2,tune
4,tune,3,tune
4,tune,4,tune
4,tune,5,tune
4,ease,2,ecs
4,ease,3,fas
4,ease,4,eas
4,ease,5,eas
4,suit,2,suit
4,suit,3,suit
4,suit,4,suit
4,suit,5,suit
4,pain,2,pain
4,pain,3,pain
4,pain,4,pain
4,pain,5,pain
4,sink,2,sink
4,sink,3,sink
4,sink,4,sink
4,sink,5,sink
4,gift,2,gift
4,gift,3,gift
4,gift,4,gift
4,gift,5,gift
4,text,2,tee
4,text,3,tee
4,text,4,tea
4,text,5,tee
4,care,2,care
4,care,3,care
4,care,4,care
4,care,5,care
4,soil,2,soil
4,soil,3,soil
4,soil,4,soil
4,soil,5,soil
4,safe,2,safe
4,safe,3,safe
4,safe,4,safe
4,safe,5,safe
4,door,2,dol
4,door,3,door
4,door,4,door
4,door,5,dor
4,knee,2,kne
4,knee,3,kne
4,knee,4,kne
4,knee,5,ken
4,pool,2,pol
4,pool,3,pil
4,pool,4,pil
4,pool,5,pol
4,time,2,time
4,time,3,time
4,time,4,time
4,time,5,time
4,week,2,wek
4,week,3,wek
4,week,4,wok
4,week,5,wek
4,nail,2,nail
4,nail,3,nail
4,nail,4,nail
4,nail,5,nail
4,keep,2,kep
4,keep,3,kep
4,keep,4,kep
4,keep,5,kep
4,film,2,film
4,film,3,film
4,film,4,film
4,film,5,film
4,tank,2,tank
4,tank,3,tank
4,tank,4,tank
4,tank,5,tank
4,fall,2,fal
4,fall,3,fal
4,fall,4,fal
4,fall,5,fal
4,fire,2,fire
4,fire,3,fire
4,fire,4,fire
4,fire,5,fire
4,blue,2,blue
4,blue,3,blue
4,blue,4,blue
4,blue,5,blue
4,glad,2,glad
4,glad,3,glad
4,glad,4,glad
4,glad,5,glad
4,many,2,many
4,many,3,many
4,many,4,many
4,many,5,many
4,gear,2,gear
4,gear,3,gear
4,gear,4,gear
4,gear,5,gear
4,west,2,west
4,west,3,west
4,west,4,west
4,west,5,west
4,boss,2,bos
4,boss,3,bos
4,boss,4,bos
4,boss,5,bos
4,look,2,lox
4,look,3,lock
4,look,4,lob
4,look,5,lik
4,city,2,city
4,city,3,city
4,city,4,city
4,city,5,city
4,lake,2,lake
4,lake,3,lake
4,lake,4,lake
4,lake,5,lake
4,bell,2,bel
4,bell,3,bel
4,bell,4,bel
4,bell,5,bel
4,line,2,line
4,line,3,line
4,line,4,line
4,line,5,line
4,neck,2,neck
4,neck,3,neck
4,neck,4,neck
4,neck,5,neck
4,soft,2,soft
4,soft,3,soft
4,soft,4,soft
4,soft,5,soft
5,north,2,north
5,north,3,north
5,north,4,north
5,north,5,north
5,count,2,count
5,count,3,count
5,count,4,count
5,count,5,count
5,angle,2,angle
5,angle,3,angel
5,angle,4,angle
5,angle,5,angle
5,blame,2,blame
5,blame,3,blame
5,blame,4,blame
5,blame,5,balme
5,order,2,order
5,order,3,olde
5,order,4,olde
5,order,5,orde
5,teach,2,teach
5,teach,3,teach
5,teach,4,teach
5,teach,5,teach
5,frame,2,frame
5,frame,3,frame
5,frame,4,frame
5,frame,5,frame
5,water,2,water
5,water,3,water
5,water,4,water
5,water,5,water
5,title,2,tile
5,title,3,tile
5,title,4,tile
5,title,5,tile
5,glass,2,glass
5,glass,3,glass
5,glass,4,glass
5,glass,5,glass
5,taste,2,tase
5,taste,3,case
5,taste,4,tase
5,taste,5,tase
5,wheel,2,whel
5,wheel,3,wheel
5,wheel,4,whel
5,wheel,5,whel
5,front,2,front
5,front,3,front
5,front,4,front
5,front,5,front
5,plant,2,plant
5,plant,3,plant
5,plant,4,plant
5,plant,5,plant
5,brown,2,brown
5,brown,3,brown
5,brown,4,brown
5,brown,5,brown
5,guard,2,guard
5,guard,3,guard
5,guard,4,guard
5,guard,5,guard
5,skill,2,skill
5,skill,3,skil
5,skill,4,skill
5,skill,5,skill
5,month,2,month
5,month,3,month
5,month,4,month
5,month,5,month
5,shake,2,shake
5,shake,3,shake
5,shake,4,shake
5,shake,5,shake
5,death,2,death
5,death,3,death
5,death,4,death
5,death,5,death
5,queen,2,queen
5,queen,3,queen
5,queen,4,queen
5,queen,5,queen
5,nerve,2,nerv
5,nerve,3,nerve
5,nerve,4,nerv
5,nerve,5,nerv
5,delay,2,delay
5,delay,3,delay
5,delay,4,delay
5,delay,5,delay
5,pride,2,pride
5,pride,3,pride
5,pride,4,pride
5,pride,5,pride
5,clock,2,click
5,clock,3,clok
5,clock,4,clok
5,clock,5,clok
5,cause,2,cause
5,cause,3,cause
5,cause,4,cause
5,cause,5,cause
5,prior,2,prio
5,prior,3,prio
5,prior,4,prio
5,prior,5,prio
5,black,2,black
5,black,3,black
5,black,4,black
5,black,5,black
5,swing,2,swing
5,swing,3,swing
5,swing,4,swing
5,swing,5,swing
5,stage,2,stage
5,stage,3,stage
5,stage,4,stage
5,stage,5,stage
5,watch,2,watch
5,watch,3,watch
5,watch,4,watch
5,watch,5,watch
5,shock,2,shock
5,shock,3,shock
5,shock,4,shock
5,shock,5,shock
5,beach,2,beach
5,beach,3,beach
5,beach,4,beach
5,beach,5,beach
5,green,2,green
5,green,3,gren
5,green,4,green
5,green,5,green
5,cycle,2,cyle
5,cycle,3,cyle
5,cycle,4,coke
5,cycle,5,cell
5,track,2,track
5,track,3,track
5,track,4,track
5,track,5,track
5,radio,2,radio
5,radio,3,radio
5,radio,4,radio
5,radio,5,radio
5,glove,2,glove
5,glove,3,glove
5,glove,4,glove
5,glove,5,glove
5,solid,2,solid
5,solid,3,solid
5,solid,4,solid
5,solid,5,solid
5,pitch,2,pitch
5,pitch,3,pitch
5,pitch,4,pitch
5,pitch,5,pitch
5,coast,2,coast
5,coast,3,coast
5,coast,4,coast
5,coast,5,coast
5,knife,2,knife
5,knife,3,knife
5,knife,4,knife
5,knife,5,knife
5,heart,2,heart
5,heart,3,heart
5,heart,4,heart
5,heart,5,heart
5,voice,2,voice
5,voice,3,voice
5,voice,4,voice
5,voice,5,voice
5,block,2,block
5,block,3,block
5,block,4,block
5,block,5,block
5,grass,2,glass
5,grass,3,grass
5,grass,4,glass
5,grass,5,oars
5,world,2,world
5,world,3,world
5,world,4,world
5,world,5,world
5,upper,2,user
5,upper,3,uper
5,upper,4,upper
5,upper,5,user
5,child,2,child
5,child,3,child
5,child,4,child
5,child,5,child
5,habit,2,habit
5,habit,3,habit
5,habit,4,habit
5,habit,5,habit
5,truck,2,truck
5,truck,3,truck
5,truck,4,truck
5,truck,5,truck
5,drunk,2,drunk
5,drunk,3,drunk
5,drunk,4,drunk
5,drunk,5,drunk
5,sound,2,sound
5,sound,3,sound
5,sound,4,sound
5,sound,5,sound
5,carry,2,cary
5,carry,3,cary
5,carry,4,cary
5,carry,5,care
5,cheek,2,chef
5,cheek,3,chef.
5,cheek,4,chek
5,cheek,5,chek
5,break,2,break
5,break,3,break
5,break,4,bleak
5,break,5,break
5,punch,2,punch
5,punch,3,punch
5,punch,4,punch
5,punch,5,punch
5,cable,2,cable
5,cable,3,cable
5,cable,4,camel
5,cable,5,cable
5,white,2,white
5,white,3,white
5,white,4,white
5,white,5,white
5,value,2,value
5,value,3,value
5,value,4,value
5,value,5,value
5,virus,2,virus
5,virus,3,virus
5,virus,4,virus
5,virus,5,virus
5,sense,2,sen
5,sense,3,sen
5,sense,4,sen.
5,sense,5,sen
5,treat,2,tree
5,treat,3,tree
5,treat,4,tree
5,treat,5,trez
5,plate,2,plate
5,plate,3,plate
5,plate,4,plate
5,plate,5,plate
5,focus,2,focus
5,focus,3,focus
5,focus,4,focus
5,focus,5,focus
5,broad,2,broad
5,broad,3,broad
5,broad,4,broad
5,broad,5,broad
5,space,2,space
5,space,3,space
5,space,4,space
5,space,5,space
5,rough,2,rough
5,rough,3,rough
5,rough,4,rough
5,rough,5,rough
5,crack,2,crack
5,crack,3,crak
5,crack,4,crack
5,crack,5,crack
5,click,2,clik
5,click,3,clik
5,click,4,clik
5,click,5,clik
5,place,2,place
5,place,3,place
5,place,4,place
5,place,5,place
5,study,2,studio
5,study,3,study
5,study,4,study
5,study,5,study
5,slide,2,slide
5,slide,3,slide
5,slide,4,slide
5,slide,5,slide
5,error,2,ero
5,error,3,ero
5,error,4,elo.
5,error,5,fro
5,birth,2,birth
5,birth,3,birth
5,birth,4,birth
5,birth,5,birth
5,silly,2,silo
5,silly,3,silo
5,silly,4,silk
5,silly,5,silk
5,group,2,group
5,group,3,group
5,group,4,group
5,group,5,group
5,bread,2,bread
5,bread,3,bread
5,bread,4,bread
5,bread,5,bread
5,power,2,power
5,power,3,power
5,power,4,power
5,power,5,power
5,spare,2,spare
5,spare,3,spare
5,spare,4,spear
5,spare,5,spare
5,doubt,2,doubt
5,doubt,3,doubt
5,doubt,4,doubt
5,doubt,5,doubt
5,earth,2,earth
5,earth,3,earth
5,earth,4,earth
5,earth,5,farth
5,alarm,2,alarm
5,alarm,3,alarm
5,alarm,4,alrm
5,alarm,5,alarm
5,anger,2,anger
5,anger,3,anger
5,anger,4,anger
5,anger,5,angel
5,might,2,might
5,might,3,might
5,might,4,might
5,might,5,might
5,movie,2,movie
5,movie,3,movie
5,movie,4,movie
5,movie,5,movie
5,house,2,house
5,house,3,house
5,house,4,house
5,house,5,house
5,drink,2,drink
5,drink,3,drink
5,drink,4,drink
5,drink,5,drink
5,drive,2,drive
5,drive,3,drive
5,drive,4,drive
5,drive,5,drive
5,brief,2,brief
5,brief,3,brief
5,brief,4,brief
5,brief,5,brief
5,smile,2,smile
5,smile,3,smile
5,smile,4,smile
5,smile,5,smile
5,mouth,2,mouth
5,mouth,3,mouth
5,mouth,4,mouth
5,mouth,5,mouth
5,quiet,2,quiet
5,quiet,3,quiet
5,quiet,4,quiet
5,quiet,5,quiet
5,train,2,train
5,train,3,train
5,train,4,train
5,train,5,train
5,hotel,2,hotel
5,hotel,3,hotel
5,hotel,4,hotel
5,hotel,5,hotel
5,trash,2,trash
5,trash,3,trash
5,trash,4,trash
5,trash,5,trash
5,depth,2,depth
5,depth,3,depth
5,depth,4,depth
5,depth,5,depth
5,towel,2,towel
5,towel,3,towel
5,towel,4,towel
5,towel,5,towel
5,essay,2,esau
5,essay,3,face
5,essay,4,esay
5,essay,5,easy
5,smell,2,smel
5,smell,3,smel
5,smell,4,smel
5,smell,5,smel
5,slice,2,slice
5,slice,3,slice
5,slice,4,slice
5,slice,5,slice
5,party,2,party
5,party,3,party
5,party,4,party
5,party,5,party
5,hello,2,hello
5,hello,3,hello
5,hello,4,hello
5,hello,5,hell
5,claim,2,claim
5,claim,3,claim
5,claim,4,claim
5,claim,5,claim
5,brain,2,brain
5,brain,3,brain
5,brain,4,brain
5,brain,5,brain
5,buyer,2,buder
5,buyer,3,buyer
5,buyer,4,buyer
5,buyer,5,buyer
5,tooth,2,toy
5,tooth,3,tin
5,tooth,4,toy
5,tooth,5,toy
5,shift,2,shift
5,shift,3,shift
5,shift,4,shift
5,shift,5,shift
5,noise,2,noise
5,noise,3,noise
5,noise,4,noise
5,noise,5,noise
5,motor,2,motr
5,motor,3,motr
5,motor,4,motr
5,motor,5,motr
5,fruit,2,fruit
5,fruit,3,fruit
5,fruit,4,fruit
5,fruit,5,fruit
5,proof,2,prof
5,proof,3,prof
5,proof,4,prof
5,proof,5,prof
5,fault,2,fault
5,fault,3,fault
5,fault,4,fault
5,fault,5,fault
5,class,2,clas
5,class,3,clas
5,class,4,clas
5,class,5,clas
5,still,2,still
5,still,3,still
5,still,4,stil
5,still,5,still
5,reply,2,repel
5,reply,3,reply
5,reply,4,reply
5,reply,5,leply
5,serve,2,serv
5,serve,3,serv
5,serve,4,serv
5,serve,5,serve
5,event,2,evnt
5,event,3,event
5,event,4,event
5,event,5,event
5,bonus,2,bonus
5,bonus,3,bonus
5,bonus,4,bonus
5,bonus,5,bonus
5,being,2,being
5,being,3,being
5,being,4,being
5,being,5,being
5,truth,2,truth
5,truth,3,truth
5,truth,4,truth
5,truth,5,truth
5,whole,2,whole
5,whole,3,whole
5,whole,4,whole
5,whole,5,whole
5,actor,2,actor
5,actor,3,actor
5,actor,4,actor
5,actor,5,actor
5,score,2,score
5,score,3,score
5,score,4,score
5,score,5,score
5,march,2,march
5,march,3,march
5,march,4,march
5,march,5,march
5,stuff,2,stuff
5,stuff,3,stuff
5,stuff,4,stuff
5,stuff,5,stuff
5,raise,2,raise
5,raise,3,raise
5,raise,4,raise
5,raise,5,raise
5,split,2,split
5,split,3,split
5,split,4,split
5,split,5,split
5,human,2,human
5,human,3,human
5,human,4,human
5,human,5,human
5,offer,2,ofer
5,offer,3,ofer
5,offer,4,ofer
5,offer,5,ofer
5,style,2,style
5,style,3,steel
5,style,4,steel
5,style,5,style
5,paper,2,pear
5,paper,3,paer
5,paper,4,pear
5,paper,5,pear
5,south,2,south
5,south,3,south
5,south,4,south
5,south,5,south
5,stand,2,stand
5,stand,3,stand
5,stand,4,stand
5,stand,5,stand
5,print,2,print
5,print,3,print
5,print,4,print
5,print,5,print
5,guess,2,guess
5,guess,3,gues
5,guess,4,oues
5,guess,5,gues
5,spray,2,spare
5,spray,3,spray
5,spray,4,spray
5,spray,5,space
5,great,2,great
5,great,3,great
5,great,4,great.
5,great,5,great
5,trick,2,trick
5,trick,3,trick
5,trick,4,trick
5,trick,5,trick
5,phone,2,phone
5,phone,3,phone
5,phone,4,phone
5,phone,5,phone
5,honey,2,honey
5,honey,3,honey
5,honey,4,honey
5,honey,5,honey
5,river,2,rive
5,river,3,rive
5,river,4,live
5,river,5,rive
5,while,2,while
5,while,3,while
5,while,4,while
5,while,5,while
5,theme,2,them
5,theme,3,them
5,theme,4,them
5,theme,5,them
5,tough,2,tough
5,tough,3,tough
5,tough,4,tough
5,tough,5,tough
5,peace,2,peac
5,peace,3,peac
5,peace,4,peck
5,peace,5,peace
5,buddy,2,buddy
5,buddy,3,buddy
5,buddy,4,body
5,buddy,5,buddy
5,devil,2,devil
5,devil,3,devil
5,devil,4,devil
5,devil,5,devil
5,floor,2,flor
5,floor,3,flir
5,floor,4,flor
5,floor,5,flor
5,sweet,2,swet
5,sweet,3,swet
5,sweet,4,swet
5,sweet,5,swet
5,reach,2,reach
5,reach,3,reach
5,reach,4,reach
5,reach,5,reach
5,layer,2,layer
5,layer,3,layer
5,layer,4,layer
5,layer,5,leafr
5,crash,2,crash
5,crash,3,crash
5,crash,4,crash
5,crash,5,crash
5,table,2,table
5,table,3,table
5,table,4,table
5,table,5,table
5,plane,2,plane
5,plane,3,plane
5,plane,4,plane
5,plane,5,plane
5,clerk,2,clerk
5,clerk,3,clerk
5,clerk,4,clerk
5,clerk,5,clerk
5,story,2,store
5,story,3,store
5,story,4,story
5,story,5,store
5,media,2,media
5,media,3,media
5,media,4,media
5,media,5,media
5,guest,2,guest
5,guest,3,guest
5,guest,4,guest
5,guest,5,guest
5,pound,2,pound
5,pound,3,pound
5,pound,4,pound
5,pound,5,pound
5,catch,2,cath
5,catch,3,cath
5,catch,4,cath
5,catch,5,cath
5,stock,2,stock
5,stock,3,stock
5,stock,4,stock
5,stock,5,stock
5,young,2,young
5,young,3,young
5,young,4,young
5,young,5,young
5,price,2,price
5,price,3,price
5,price,4,price
5,price,5,price
5,fight,2,fight
5,fight,3,fight
5,fight,4,fight
5,fight,5,fight
5,today,2,today
5,today,3,today
5,today,4,today
5,today,5,today
5,strip,2,strip
5,strip,3,strip
5,strip,4,strip
5,strip,5,strip
5,panic,2,panic
5,panic,3,panic
5,panic,4,panic
5,panic,5,panic
5,chair,2,chair
5,chair,3,chair
5,chair,4,chair
5,chair,5,chair
5,light,2,light
5,light,3,light
5,light,4,light
5,light,5,light
5,lunch,2,lunch
5,lunch,3,lunch
5,lunch,4,lunch
5,lunch,5,lunch
5,nurse,2,nurse
5,nurse,3,nurse
5,nurse,4,nurse
5,nurse,5,nurse
5,basis,2,basi
5,basis,3,basi
5,basis,4,basi
5,basis,5,basi
5,union,2,unio
5,union,3,unio
5,union,4,unit
5,union,5,unio
5,maybe,2,maybe
5,maybe,3,maybe
5,maybe,4,maybe
5,maybe,5,maybe
5,minor,2,minor
5,minor,3,minor
5,minor,4,minor
5,minor,5,minor
5,stick,2,stick
5,stick,3,stick
5,stick,4,stick
5,stick,5,stick
5,scene,2,scent
5,scene,3,scen
5,scene,4,scen
5,scene,5,sen
5,aside,2,aside
5,aside,3,aside
5,aside,4,aside
5,aside,5,aside
5,chest,2,chest
5,chest,3,chest
5,chest,4,chest
5,chest,5,chest
5,blind,2,blind
5,blind,3,blind
5,blind,4,blind
5,blind,5,blind
5,bunch,2,bunch
5,bunch,3,bunch
5,bunch,4,bunch
5,bunch,5,bunch
5,trade,2,trade
5,trade,3,trade
5,trade,4,trade
5,trade,5,trade
5,cross,2,cros
5,cross,3,cros
5,cross,4,clos
5,cross,5,cros
5,money,2,money
5,money,3,money
5,money,4,money
5,money,5,money
5,tower,2,tower
5,tower,3,tower
5,tower,4,tower
5,tower,5,tower
5,funny,2,funk
5,funny,3,funny
5,funny,4,fund
5,funny,5,funk
5,round,2,round
5,round,3,round
5,round,4,round
5,round,5,round
5,night,2,night
5,night,3,night
5,night,4,night
5,night,5,night
5,court,2,court
5,court,3,court
5,court,4,court
5,court,5,court
5,juice,2,juice
5,juice,3,juice
5,juice,4,juice
5,juice,5,juice
5,sport,2,sport
5,sport,3,sport
5,sport,4,sport
5,sport,5,sport
5,adult,2,adult
5,adult,3,adult
5,adult,4,adult
5,adult,5,adult
5,state,2,staf
5,state,3,staff
5,state,4,staf
5,state,5,stac
5,screw,2,screw
5,screw,3,screw
5,screw,4,screw
5,screw,5,screw
5,visit,2,vist
5,visit,3,vist
5,visit,4,vist
5,visit,5,vist
5,shine,2,shine
5,shine,3,shine
5,shine,4,shine
5,shine,5,shine
5,grade,2,glade
5,grade,3,glade
5,grade,4,glade
5,grade,5,grade
5,photo,2,phot
5,photo,3,phot
5,photo,4,phot
5,photo,5,phot
5,owner,2,owner
5,owner,3,owner
5,owner,4,owner
5,owner,5,owner
6,ground,2,ground
6,ground,3,ground
6,ground,4,ground
6,ground,5,ground
6,junior,2,junior
6,junior,3,junior
6,junior,4,junior
6,junior,5,junior
6,master,2,master
6,master,3,master
6,master,4,master
6,master,5,master
6,relief,2,relif
6,relief,3,relief
6,relief,4,relif
6,relief,5,relif
6,unique,2,unique
6,unique,3,unique
6,unique,4,unique
6,unique,5,unique
6,scheme,2,schem
6,scheme,3,schem
6,scheme,4,schem
6,scheme,5,schem
6,couple,2,couple
6,couple,3,couple
6,couple,4,couple
6,couple,5,couple
6,policy,2,policy
6,policy,3,policy
6,policy,4,police
6,policy,5,policy
6,active,2,active
6,active,3,active
6,active,4,active
6,active,5,active
6,amount,2,amount
6,amount,3,account
6,amount,4,amount
6,amount,5,amount
6,jacket,2,jacket
6,jacket,3,jacket
6,jacket,4,jacket
6,jacket,5,jacket
6,volume,2,volume
6,volume,3,volume
6,volume,4,volume
6,volume,5,volume
6,appeal,2,zeal
6,appeal,3,apel
6,appeal,4,apple
6,appeal,5,zeal
6,refuse,2,refus
6,refuse,3,refus
6,refuse,4,refus
6,refuse,5,refus
6,wealth,2,wealth
6,wealth,3,wealth
6,wealth,4,wealth
6,wealth,5,wealth
6,invite,2,invite
6,invite,3,inval
6,invite,4,invent
6,invite,5,invet
6,future,2,futre
6,future,3,futre
6,future,4,futre
6,future,5,flute
6,mirror,2,miro
6,mirror,3,miro
6,mirror,4,mirror
6,mirror,5,mirror
6,strain,2,strain
6,strain,3,strain
6,strain,4,strain
6,strain,5,strain
6,regret,2,root
6,regret,3,regt
6,regret,4,regt
6,regret,5,root
6,silver,2,silver
6,silver,3,silver
6,silver,4,silver
6,silver,5,silver
6,expert,2,expert
6,expert,3,eport
6,expert,4,elope
6,expert,5,ejert
6,potato,2,pita
6,potato,3,pita
6,potato,4,potato
6,potato,5,pita
6,finish,2,finsh
6,finish,3,finsh
6,finish,4,finsh
6,finish,5,finsh
6,writer,2,write
6,writer,3,write
6,writer,4,write
6,writer,5,write
6,candle,2,candle
6,candle,3,candle
6,candle,4,candle
6,candle,5,candle
6,string,2,string
6,string,3,string
6,string,4,string
6,string,5,string
6,repeat,2,repat
6,repeat,3,reapt
6,repeat,4,repat
6,repeat,5,react
6,muscle,2,muscle
6,muscle,3,muscle
6,muscle,4,muscle
6,muscle,5,muscle
6,breast,2,breast
6,breast,3,breast
6,breast,4,breast
6,breast,5,breast
6,singer,2,singer
6,singer,3,singer
6,singer,4,singer
6,singer,5,singer
6,divide,2,dive
6,divide,3,dive
6,divide,4,dive
6,divide,5,dive
6,desire,2,desire
6,desire,3,desir
6,desire,4,desir
6,desire,5,desir
6,stupid,2,stupid
6,stupid,3,stupid
6,stupid,4,stupid
6,stupid,5,stupid
6,simple,2,simple
6,simple,3,simple
6,simple,4,simple
6,simple,5,simple
6,yellow,2,yellow
6,yellow,3,yellow
6,yellow,4,yellow
6,yellow,5,yellow
6,screen,2,screen
6,screen,3,screen
6,screen,4,siren
6,screen,5,scren
6,sister,2,siter
6,sister,3,siter
6,sister,4,siter
6,sister,5,siter
6,source,2,source
6,source,3,source
6,source,4,source
6,source,5,source
6,editor,2,editor
6,editor,3,editor
6,editor,4,editor
6,editor,5,editor
6,spring,2,spring
6,spring,3,spring
6,spring,4,spring
6,spring,5,spring
6,dealer,2,dealer
6,dealer,3,dealr
6,dealer,4,dealer
6,dealer,5,dealer
6,region,2,region
6,region,3,region
6,region,4,region
6,region,5,legion
6,single,2,single
6,single,3,single
6,single,4,single
6,single,5,single
6,injury,2,injury
6,injury,3,injury
6,injury,4,injury
6,injury,5,injury
6,tennis,2,tenis
6,tennis,3,tennis
6,tennis,4,tenis
6,tennis,5,tenis
6,native,2,native
6,native,3,native
6,native,4,native
6,native,5,native
6,status,2,stau
6,status,3,stau
6,status,4,stau
6,status,5,stau
6,medium,2,mediu
6,medium,3,medium
6,medium,4,medium
6,medium,5,medium
6,bottle,2,bottle
6,bottle,3,bottle
6,bottle,4,bottle
6,bottle,5,bible
6,matter,2,mater
6,matter,3,mater
6,matter,4,mater
6,matter,5,matel
6,guitar,2,guitar
6,guitar,3,guitar
6,guitar,4,guitar
6,guitar,5,guitar
6,garage,2,gafe
6,garage,3,gare
6,garage,4,care
6,garage,5,golf
6,effort,2,effort
6,effort,3,effort
6,effort,4,effort
6,effort,5,effort
6,reason,2,reason
6,reason,3,reason
6,reason,4,reason
6,reason,5,reason
6,excuse,2,escus
6,excuse,3,focus
6,excuse,4,eject
6,excuse,5,focus
6,search,2,search
6,search,3,search
6,search,4,search
6,search,5,search
6,lesson,2,lesson
6,lesson,3,lesson
6,lesson,4,lesson
6,lesson,5,lesion
6,action,2,action
6,action,3,action
6,action,4,action
6,action,5,action
6,weight,2,weight
6,weight,3,weight
6,weight,4,weight
6,weight,5,weight
6,breath,2,breath
6,breath,3,breath
6,breath,4,breath
6,breath,5,breath
6,mobile,2,mobile
6,mobile,3,mobile
6,mobile,4,mobile
6,mobile,5,mobile
6,review,2,review
6,review,3,review
6,review,4,leviw
6,review,5,review
6,insect,2,insect
6,insect,3,insect
6,insect,4,insect
6,insect,5,insect
6,secret,2,secret
6,secret,3,secret
6,secret,4,secret
6,secret,5,score
6,leader,2,ladder
6,leader,3,leadr
6,leader,4,leadr
6,leader,5,leadr
6,system,2,steem
6,system,3,sotem
6,system,4,system
6,system,5,system
6,manner,2,maner
6,manner,3,maner
6,manner,4,maner
6,manner,5,miner
6,permit,2,permit
6,permit,3,permit
6,permit,4,permit
6,permit,5,permit
6,health,2,healt
6,health,3,healt
6,health,4,healt
6,health,5,healt
6,object,2,object
6,object,3,object
6,object,4,object
6,object,5,object
6,safety,2,scaffy
6,safety,3,safety
6,safety,4,safety
6,safety,5,sacket
6,worker,2,worke
6,worker,3,worke
6,worker,4,worker
6,worker,5,wolke
6,father,2,father
6,father,3,father
6,father,4,father
6,father,5,father
6,salary,2,scare
6,salary,3,salry
6,salary,4,silky
6,salary,5,sayer
6,normal,2,normal
6,normal,3,normal
6,normal,4,normal
6,normal,5,normal
6,moment,2,mint
6,moment,3,moent
6,moment,4,moment
6,moment,5,moent
6,energy,2,enrgy
6,energy,3,entry
6,energy,4,entry
6,energy,5,enjoy
6,charge,2,charge
6,charge,3,charge
6,charge,4,charge
6,charge,5,charge
6,option,2,optin
6,option,3,optin
6,option,4,option
6,option,5,option
6,double,2,double
6,double,3,double
6,double,4,double
6,double,5,double
6,income,2,income
6,income,3,income
6,income,4,income
6,income,5,income
6,aspect,2,aspect
6,aspect,3,aspect
6,aspect,4,aspect
6,aspect,5,aspect
6,office,2,office
6,office,3,office
6,office,4,office
6,office,5,office
6,advice,2,advice
6,advice,3,advice
6,advice,4,advice
6,advice,5,advice
6,winner,2,winer
6,winner,3,winer
6,winner,4,winer
6,winner,5,winer
6,author,2,author
6,author,3,author
6,author,4,author
6,author,5,author
6,nobody,2,nobby
6,nobody,3,nobody
6,nobody,4,nodey
6,nobody,5,nodey
6,battle,2,battle
6,battle,3,battle
6,battle,4,battle
6,battle,5,batel
6,assist,2,asit
6,assist,3,asit
6,assist,4,asit
6,assist,5,asit
6,travel,2,travel
6,travel,3,travel
6,travel,4,travel
6,travel,5,travel
6,plenty,2,plenty
6,plenty,3,plenty
6,plenty,4,plenty
6,plenty,5,plenty
6,survey,2,survey
6,survey,3,survey
6,survey,4,survey
6,survey,5,survey
6,ticket,2,tickle
6,ticket,3,ticket
6,ticket,4,tickе
6,ticket,5,tickle
6,result,2,result
6,result,3,result
6,result,4,result
6,result,5,result
6,estate,2,esta
6,estate,3,esta
6,estate,4,esta
6,estate,5,esta
6,island,2,island
6,island,3,island
6,island,4,island
6,island,5,island
6,window,2,window
6,window,3,window
6,window,4,window
6,window,5,windo
6,garden,2,garden
6,garden,3,garden
6,garden,4,garden
6,garden,5,garden
6,second,2,second
6,second,3,second
6,second,4,second
6,second,5,second
6,profit,2,profit
6,profit,3,profit
6,profit,4,profit
6,profit,5,profit
6,degree,2,deer
6,degree,3,degr
6,degree,4,deer
6,degree,5,deer
6,demand,2,deman
6,demand,3,demon
6,demand,4,deman
6,demand,5,demon
6,damage,2,damage
6,damage,3,damage
6,damage,4,damage
6,damage,5,damage
6,poetry,2,poetry
6,poetry,3,poetry
6,poetry,4,poetry
6,poetry,5,poetry
6,design,2,design
6,design,3,design
6,design,4,design
6,design,5,design
6,thanks,2,thanks
6,thanks,3,thanks
6,thanks,4,thanks
6,thanks,5,thanks
6,ladder,2,ladder
6,ladder,3,ladder
6,ladder,4,ladle
6,ladder,5,lader
6,border,2,borde
6,border,3,birde
6,border,4,birde
6,border,5,bored
6,gather,2,gather
6,gather,3,other
6,gather,4,gather
6,gather,5,gather
6,branch,2,branch
6,branch,3,branch
6,branch,4,branch
6,branch,5,branch
6,employ,2,employ
6,employ,3,empire
6,employ,4,employ
6,employ,5,employ
6,credit,2,credit
6,credit,3,credit
6,credit,4,credit
6,credit,5,credit
6,remote,2,remot
6,remote,3,remot
6,remote,4,remot
6,remote,5,remot
6,debate,2,debt
6,debate,3,debat
6,debate,4,debat
6,debate,5,debat
6,horror,2,hor.
6,horror,3,hor
6,horror,4,zoo
6,horror,5,hor
6,annual,2,anul
6,annual,3,anul
6,annual,4,anul
6,annual,5,anul
6,winter,2,winter
6,winter,3,winter
6,winter,4,winter
6,winter,5,winter
6,reveal,2,reval
6,reveal,3,recall
6,reveal,4,reval
6,reveal,5,revel
6,member,2,member
6,member,3,melb
6,member,4,meat
6,member,5,member
6,tackle,2,tackle
6,tackle,3,tackle
6,tackle,4,tackle
6,tackle,5,tackle
6,career,2,care
6,career,3,care
6,career,4,care
6,career,5,cale
6,lawyer,2,lawyer
6,lawyer,3,lawyer
6,lawyer,4,lawyer
6,lawyer,5,lawyer
6,bother,2,bother
6,bother,3,bother
6,bother,4,bother
6,bother,5,bother
6,orange,2,orange
6,orange,3,orange
6,orange,4,orange
6,orange,5,orange
6,mother,2,mother
6,mother,3,mother
6,mother,4,mother
6,mother,5,mother
6,memory,2,meerk
6,memory,3,mereo
6,memory,4,merry
6,memory,5,money
6,effect,2,fact
6,effect,3,fact
6,effect,4,efts
6,effect,5,effect
6,person,2,person
6,person,3,person
6,person,4,person
6,person,5,person
6,record,2,recod
6,record,3,recod
6,record,4,record
6,record,5,recod
6,factor,2,factor
6,factor,3,factor
6,factor,4,factor
6,factor,5,factor
6,speech,2,speech
6,speech,3,speech
6,speech,4,speech
6,speech,5,speech
6,stable,2,stable
6,stable,3,stable
6,stable,4,stable
6,stable,5,stable
6,agency,2,agency
6,agency,3,agency
6,agency,4,agency
6,agency,5,agency
6,repair,2,repai
6,repair,3,repai
6,repair,4,repai
6,repair,5,repai
6,abroad,2,abrod
6,abroad,3,abrid
6,abroad,4,acrid
6,abroad,5,abroad
6,senior,2,senior
6,senior,3,senior
6,senior,4,senior
6,senior,5,senior
6,cancer,2,caner
6,cancer,3,canner
6,cancer,4,canal
6,cancer,5,canel
6,bridge,2,bridge
6,bridge,3,bridge
6,bridge,4,bridge
6,bridge,5,bridge
6,remove,2,remov
6,remove,3,lemov
6,remove,4,remov
6,remove,5,remov
6,spread,2,spread
6,spread,3,spread
6,spread,4,spread
6,spread,5,spread
6,period,2,period
6,period,3,period
6,period,4,period
6,period,5,period
6,button,2,button
6,button,3,button
6,button,4,bunion
6,button,5,button
6,bitter,2,biter
6,bitter,3,biter
6,bitter,4,biter
6,bitter,5,biter
6,affair,2,afir
6,affair,3,afir
6,affair,4,afir
6,affair,5,afir
6,attack,2,atck
6,attack,3,atck
6,attack,4,attack
6,attack,5,attack
6,studio,2,studio
6,studio,3,studio
6,studio,4,studio
6,studio,5,studio
6,handle,2,handle
6,handle,3,handle
6,handle,4,handle
6,handle,5,candle
6,public,2,public
6,public,3,public
6,public,4,public
6,public,5,public
6,throat,2,there is no common english noun that fits all these constraints.
6,throat,3,there is no common english word that fits all the given constraints.
6,throat,4,throa
6,throat,5,there is no common english noun that fits all the given criteria.
6,wonder,2,wonder
6,wonder,3,winder
6,wonder,4,winder
6,wonder,5,wonder
6,drawer,2,draw.
6,drawer,3,drawer
6,drawer,4,drawe
6,drawer,5,drawer
6,listen,2,listen
6,listen,3,listen
6,listen,4,listen
6,listen,5,listen
6,theory,2,theore
6,theory,3,theory
6,theory,4,theory
6,theory,5,theory
6,engine,2,engi
6,engine,3,engi
6,engine,4,fengi
6,engine,5,fengi
6,cookie,2,cookie
6,cookie,3,cookie
6,cookie,4,cookie
6,cookie,5,cookie
6,basket,2,basket
6,basket,3,basket
6,basket,4,basket
6,basket,5,basket
6,switch,2,switch
6,switch,3,switch
6,switch,4,switch
6,switch,5,switch
6,sector,2,sector
6,sector,3,sector
6,sector,4,sector
6,sector,5,sector
6,purple,2,purle
6,purple,3,purle
6,purple,4,purse
6,purple,5,purse
6,league,2,lagu.
6,league,3,leagu
6,league,4,lagu.
6,league,5,legou
6,growth,2,growth
6,growth,3,growth
6,growth,4,growth
6,growth,5,growth
6,spirit,2,spirt
6,spirit,3,spilt
6,spirit,4,spirt
6,spirit,5,spilt
6,inside,2,insef
6,inside,3,inset
6,inside,4,inside
6,inside,5,insef
6,notice,2,notice
6,notice,3,notice
6,notice,4,notice
6,notice,5,notice
6,carpet,2,carpet
6,carpet,3,carpet
6,carpet,4,carpet
6,carpet,5,carpet
6,return,2,return
6,return,3,return
6,return,4,return
6,return,5,return
6,letter,2,lett
6,letter,3,left
6,letter,4,lett
6,letter,5,lett
6,street,2,star
6,street,3,store
6,street,4,stre
6,street,5,stre
6,recipe,2,recip
6,recipe,3,recip
6,recipe,4,recipe
6,recipe,5,rezip
6,client,2,client
6,client,3,client
6,client,4,client
6,client,5,client
6,cousin,2,cousin
6,cousin,3,cousin
6,cousin,4,cousin
6,cousin,5,cousin
6,market,2,market
6,market,3,market
6,market,4,market
6,market,5,market
6,camera,2,camel
6,camera,3,camer
6,camera,4,camer
6,camera,5,camel
6,access,2,aces
6,access,3,aces
6,access,4,aces
6,access,5,aces
6,method,2,method
6,method,3,method
6,method,4,method
6,method,5,method
6,flight,2,flight
6,flight,3,flight
6,flight,4,flight
6,flight,5,flight
6,common,2,zomn
6,common,3,coin
6,common,4,coin.
6,common,5,corn
6,resort,2,resort
6,resort,3,resort
6,resort,4,resit
6,resort,5,resit
6,detail,2,detail
6,detail,3,detail
6,detail,4,detail
6,detail,5,detail
6,cancel,2,canel
6,cancel,3,camel
6,cancel,4,canel
6,cancel,5,camel
6,beyond,2,beyond
6,beyond,3,beyond
6,beyond,4,beyond
6,beyond,5,beyond
6,driver,2,drive
6,driver,3,drive
6,driver,4,drive
6,driver,5,drive
6,reward,2,rewad
6,reward,3,rewad
6,reward,4,rewad
6,reward,5,lewad
6,impact,2,impact
6,impact,3,impact
6,impact,4,impact
6,impact,5,impact
6,strike,2,strike
6,strike,3,strike
6,strike,4,strike
6,strike,5,strike
6,formal,2,formal
6,formal,3,formal
6,formal,4,formal
6,formal,5,formal
6,middle,2,middle
6,middle,3,middle
6,middle,4,model
6,middle,5,middle
6,bottom,2,bottom
6,bottom,3,boat
6,bottom,4,boat
6,bottom,5,boom
6,target,2,targe
6,target,3,table
6,target,4,targe
6,target,5,targe
6,answer,2,answer
6,answer,3,answer
6,answer,4,answer
6,answer,5,answer
6,school,2,school
6,school,3,school
6,school,4,school
6,school,5,school
6,chance,2,chane
6,chance,3,crane
6,chance,4,chane
6,chance,5,chef
6,corner,2,corne
6,corner,3,clone
6,corner,4,cornе
6,corner,5,corne
6,script,2,script
6,script,3,script
6,script,4,script
6,script,5,script
6,device,2,device
6,device,3,devic
6,device,4,devic
6,device,5,devic
6,friend,2,friend
6,friend,3,friend
6,friend,4,friend
6,friend,5,friend
6,tongue,2,tongue
6,tongue,3,tongue
6,tongue,4,tongue
6,tongue,5,tongue
6,resist,2,resit
6,resist,3,resit
6,resist,4,resit
6,resist,5,resit
6,course,2,course
6,course,3,course
6,course,4,course
6,course,5,course
